-- Licensed to the Apache Software Foundation (ASF) under one
-- or more contributor license agreements.  See the NOTICE file
-- distributed with this work for additional information
-- regarding copyright ownership.  The ASF licenses this file
-- to you under the Apache License, Version 2.0 (the
-- "License"); you may not use this file except in compliance
-- with the License.  You may obtain a copy of the License at
--
--   http://www.apache.org/licenses/LICENSE-2.0
--
-- Unless required by applicable law or agreed to in writing,
-- software distributed under the License is distributed on an
-- "AS IS" BASIS, WITHOUT WARRANTIES OR CONDITIONS OF ANY
-- KIND, either express or implied.  See the License for the
-- specific language governing permissions and limitations
-- under the License.

--;
-- Schema upgrade from 4.9.3.0 to 4.10.0.0;
--;

ALTER TABLE `cloud`.`domain_router` ADD COLUMN  update_state varchar(64) DEFAULT NULL;

INSERT IGNORE INTO `cloud`.`guest_os` (id, uuid, category_id, display_name, created) VALUES (257, UUID(), 6, 'Windows 10 (32-bit)', now());
INSERT IGNORE INTO `cloud`.`guest_os` (id, uuid, category_id, display_name, created) VALUES (258, UUID(), 6, 'Windows 10 (64-bit)', now());
INSERT IGNORE INTO `cloud`.`guest_os` (id, uuid, category_id, display_name, created) VALUES (259, UUID(), 6, 'Windows Server 2016 (64-bit)', now());
INSERT IGNORE INTO `cloud`.`guest_os` (id, uuid, category_id, display_name, created) VALUES (260, UUID(), 1, 'CentOS 7.1', now());
INSERT IGNORE INTO `cloud`.`guest_os` (id, uuid, category_id, display_name, created) VALUES (261, UUID(), 1, 'CentOS 6.6 (32-bit)', now());
INSERT IGNORE INTO `cloud`.`guest_os` (id, uuid, category_id, display_name, created) VALUES (262, UUID(), 1, 'CentOS 6.6 (64-bit)', now());
INSERT IGNORE INTO `cloud`.`guest_os` (id, uuid, category_id, display_name, created) VALUES (263, UUID(), 1, 'CentOS 6.7 (32-bit)', now());
INSERT IGNORE INTO `cloud`.`guest_os` (id, uuid, category_id, display_name, created) VALUES (264, UUID(), 1, 'CentOS 6.7 (64-bit)', now());
INSERT IGNORE INTO `cloud`.`guest_os` (id, uuid, category_id, display_name, created) VALUES (265, UUID(), 4, 'Red Hat Enterprise Linux 6.6 (32-bit)', now());
INSERT IGNORE INTO `cloud`.`guest_os` (id, uuid, category_id, display_name, created) VALUES (266, UUID(), 4, 'Red Hat Enterprise Linux 6.6 (64-bit)', now());
INSERT IGNORE INTO `cloud`.`guest_os` (id, uuid, category_id, display_name, created) VALUES (267, UUID(), 4, 'Red Hat Enterprise Linux 6.7 (32-bit)', now());
INSERT IGNORE INTO `cloud`.`guest_os` (id, uuid, category_id, display_name, created) VALUES (268, UUID(), 4, 'Red Hat Enterprise Linux 6.7 (64-bit)', now());
INSERT IGNORE INTO `cloud`.`guest_os` (id, uuid, category_id, display_name, created) VALUES (269, UUID(), 2, 'Debian GNU/Linux 8 (32-bit)', now());
INSERT IGNORE INTO `cloud`.`guest_os` (id, uuid, category_id, display_name, created) VALUES (270, UUID(), 2, 'Debian GNU/Linux 8 (64-bit)', now());
INSERT IGNORE INTO `cloud`.`guest_os` (id, uuid, category_id, display_name, created) VALUES (271, UUID(), 7, 'CoreOS', now());
INSERT IGNORE INTO `cloud`.`guest_os` (id, uuid, category_id, display_name, created) VALUES (272, UUID(), 4, 'Red Hat Enterprise Linux 7.1', now());
INSERT IGNORE INTO `cloud`.`guest_os` (id, uuid, category_id, display_name, created) VALUES (273, UUID(), 4, 'Red Hat Enterprise Linux 7.2', now());
INSERT IGNORE INTO `cloud`.`guest_os` (id, uuid, category_id, display_name, created) VALUES (274, UUID(), 1, 'CentOS 7.2', now());
INSERT IGNORE INTO `cloud`.`guest_os` (id, uuid, category_id, display_name, created) VALUES (275, UUID(), 6, 'Other PV Virtio-SCSI (64-bit)', now());

INSERT IGNORE INTO `cloud`.`guest_os_hypervisor` (uuid, hypervisor_type, hypervisor_version, guest_os_name, guest_os_id, created, is_user_defined) VALUES (UUID(), 'Xenserver', '6.5.0', 'Windows 10 (32-bit)', 257, now(), 0);
INSERT IGNORE INTO `cloud`.`guest_os_hypervisor` (uuid, hypervisor_type, hypervisor_version, guest_os_name, guest_os_id, created, is_user_defined) VALUES (UUID(), 'VMware', '6.0', 'windows9Guest', 257, now(), 0);
INSERT IGNORE INTO `cloud`.`guest_os_hypervisor` (uuid, hypervisor_type, hypervisor_version, guest_os_name, guest_os_id, created, is_user_defined) VALUES (UUID(), 'KVM', 'default', 'Windows 10', 257, now(), 0);

INSERT IGNORE INTO `cloud`.`guest_os_hypervisor` (uuid, hypervisor_type, hypervisor_version, guest_os_name, guest_os_id, created, is_user_defined) VALUES (UUID(), 'Xenserver', '6.5.0', 'Windows 10 (64-bit)', 258, now(), 0);
INSERT IGNORE INTO `cloud`.`guest_os_hypervisor` (uuid, hypervisor_type, hypervisor_version, guest_os_name, guest_os_id, created, is_user_defined) VALUES (UUID(), 'VMware', '6.0', 'windows9_64Guest', 258, now(), 0);
INSERT IGNORE INTO `cloud`.`guest_os_hypervisor` (uuid, hypervisor_type, hypervisor_version, guest_os_name, guest_os_id, created, is_user_defined) VALUES (UUID(), 'KVM', 'default', 'Windows 10', 258, now(), 0);

INSERT IGNORE INTO `cloud`.`guest_os_hypervisor` (uuid, hypervisor_type, hypervisor_version, guest_os_name, guest_os_id, created, is_user_defined) VALUES (UUID(), 'Xenserver', '6.5.0', 'Windows Server 2016 (64-bit)', 259, now(), 0);
INSERT IGNORE INTO `cloud`.`guest_os_hypervisor` (uuid, hypervisor_type, hypervisor_version, guest_os_name, guest_os_id, created, is_user_defined) VALUES (UUID(), 'Xenserver', '7.0.0', 'Windows Server 2016 (64-bit)', 259, now(), 0);
INSERT IGNORE INTO `cloud`.`guest_os_hypervisor` (uuid, hypervisor_type, hypervisor_version, guest_os_name, guest_os_id, created, is_user_defined) VALUES (UUID(), 'VMware', '6.0', 'windows9Server64Guest', 259, now(), 0);
INSERT IGNORE INTO `cloud`.`guest_os_hypervisor` (uuid, hypervisor_type, hypervisor_version, guest_os_name, guest_os_id, created, is_user_defined) VALUES (UUID(), 'KVM', 'default', 'Windows Server 2016', 259, now(), 0);

INSERT IGNORE INTO `cloud`.`guest_os_hypervisor` (uuid, hypervisor_type, hypervisor_version, guest_os_name, guest_os_id, created, is_user_defined) VALUES (UUID(),'Xenserver', '6.5.0', 'CentOS 7', 260, now(), 0);
INSERT IGNORE INTO `cloud`.`guest_os_hypervisor` (uuid, hypervisor_type, hypervisor_version, guest_os_name, guest_os_id, created, is_user_defined) VALUES (UUID(),'VMware', '5.5', 'centos64Guest', 260, now(), 0);
INSERT IGNORE INTO `cloud`.`guest_os_hypervisor` (uuid, hypervisor_type, hypervisor_version, guest_os_name, guest_os_id, created, is_user_defined) VALUES (UUID(),'VMware', '6.0', 'centos64Guest', 260, now(), 0);
INSERT IGNORE INTO `cloud`.`guest_os_hypervisor` (uuid, hypervisor_type, hypervisor_version, guest_os_name, guest_os_id, created, is_user_defined) VALUES (UUID(),'KVM', 'default', 'CentOS 7.1', 260, now(), 0);

INSERT IGNORE INTO `cloud`.`guest_os_hypervisor` (uuid, hypervisor_type, hypervisor_version, guest_os_name, guest_os_id, created, is_user_defined) VALUES (UUID(),'Xenserver', '6.5.0', 'CentOS 6 (32-bit)', 261, now(), 0);
INSERT IGNORE INTO `cloud`.`guest_os_hypervisor` (uuid, hypervisor_type, hypervisor_version, guest_os_name, guest_os_id, created, is_user_defined) VALUES (UUID(),'VMware', '6.0', 'centosGuest', 261, now(), 0);

INSERT IGNORE INTO `cloud`.`guest_os_hypervisor` (uuid, hypervisor_type, hypervisor_version, guest_os_name, guest_os_id, created, is_user_defined) VALUES (UUID(),'Xenserver', '6.5.0', 'CentOS 6 (64-bit)', 262, now(), 0);
INSERT IGNORE INTO `cloud`.`guest_os_hypervisor` (uuid, hypervisor_type, hypervisor_version, guest_os_name, guest_os_id, created, is_user_defined) VALUES (UUID(),'VMware', '6.0', 'centos64Guest', 262, now(), 0);

INSERT IGNORE INTO `cloud`.`guest_os_hypervisor` (uuid, hypervisor_type, hypervisor_version, guest_os_name, guest_os_id, created, is_user_defined) VALUES (UUID(),'Xenserver', '6.5.0', 'CentOS 6 (32-bit)', 263, now(), 0);
INSERT IGNORE INTO `cloud`.`guest_os_hypervisor` (uuid, hypervisor_type, hypervisor_version, guest_os_name, guest_os_id, created, is_user_defined) VALUES (UUID(),'VMware', '6.0', 'centosGuest', 263, now(), 0);

INSERT IGNORE INTO `cloud`.`guest_os_hypervisor` (uuid, hypervisor_type, hypervisor_version, guest_os_name, guest_os_id, created, is_user_defined) VALUES (UUID(),'Xenserver', '6.5.0', 'CentOS 6 (64-bit)', 264, now(), 0);
INSERT IGNORE INTO `cloud`.`guest_os_hypervisor` (uuid, hypervisor_type, hypervisor_version, guest_os_name, guest_os_id, created, is_user_defined) VALUES (UUID(),'VMware', '6.0', 'centos64Guest', 264, now(), 0);

INSERT IGNORE INTO `cloud`.`guest_os_hypervisor` (uuid, hypervisor_type, hypervisor_version, guest_os_name, guest_os_id, created, is_user_defined) VALUES (UUID(),'Xenserver', '6.5.0', 'Red Hat Enterprise Linux 6 (32-bit)', 265, now(), 0);
INSERT IGNORE INTO `cloud`.`guest_os_hypervisor` (uuid, hypervisor_type, hypervisor_version, guest_os_name, guest_os_id, created, is_user_defined) VALUES (UUID(),'VMware', '6.0', 'rhel6Guest', 265, now(), 0);

INSERT IGNORE INTO `cloud`.`guest_os_hypervisor` (uuid, hypervisor_type, hypervisor_version, guest_os_name, guest_os_id, created, is_user_defined) VALUES (UUID(),'Xenserver', '6.5.0', 'Red Hat Enterprise Linux 6 (64-bit)', 266, now(), 0);
INSERT IGNORE INTO `cloud`.`guest_os_hypervisor` (uuid, hypervisor_type, hypervisor_version, guest_os_name, guest_os_id, created, is_user_defined) VALUES (UUID(),'VMware', '6.0', 'rhel6_64Guest', 266, now(), 0);

INSERT IGNORE INTO `cloud`.`guest_os_hypervisor` (uuid, hypervisor_type, hypervisor_version, guest_os_name, guest_os_id, created, is_user_defined) VALUES (UUID(),'Xenserver', '6.5.0', 'Red Hat Enterprise Linux 6 (32-bit)', 267, now(), 0);
INSERT IGNORE INTO `cloud`.`guest_os_hypervisor` (uuid, hypervisor_type, hypervisor_version, guest_os_name, guest_os_id, created, is_user_defined) VALUES (UUID(),'VMware', '6.0', 'rhel6Guest', 267, now(), 0);

INSERT IGNORE INTO `cloud`.`guest_os_hypervisor` (uuid, hypervisor_type, hypervisor_version, guest_os_name, guest_os_id, created, is_user_defined) VALUES (UUID(),'Xenserver', '6.5.0', 'Red Hat Enterprise Linux 6 (64-bit)', 268, now(), 0);
INSERT IGNORE INTO `cloud`.`guest_os_hypervisor` (uuid, hypervisor_type, hypervisor_version, guest_os_name, guest_os_id, created, is_user_defined) VALUES (UUID(),'VMware', '6.0', 'rhel6_64Guest', 268, now(), 0);

INSERT IGNORE INTO `cloud`.`guest_os_hypervisor` (uuid, hypervisor_type, hypervisor_version, guest_os_name, guest_os_id, created, is_user_defined) VALUES (UUID(),'VMware', '6.0', 'debian8Guest', 269, now(), 0);

INSERT IGNORE INTO `cloud`.`guest_os_hypervisor` (uuid, hypervisor_type, hypervisor_version, guest_os_name, guest_os_id, created, is_user_defined) VALUES (UUID(),'VMware', '6.0', 'debian8Guest', 270, now(), 0);

INSERT IGNORE INTO `cloud`.`guest_os_hypervisor` (uuid, hypervisor_type, hypervisor_version, guest_os_name, guest_os_id, created, is_user_defined) VALUES (UUID(),'Xenserver', 'default', 'CoreOS', 271, now(), 0);
INSERT IGNORE INTO `cloud`.`guest_os_hypervisor` (uuid, hypervisor_type, hypervisor_version, guest_os_name, guest_os_id, created, is_user_defined) VALUES (UUID(),'VMware', 'default', 'coreos64Guest', 271, now(), 0);
INSERT IGNORE INTO `cloud`.`guest_os_hypervisor` (uuid, hypervisor_type, hypervisor_version, guest_os_name, guest_os_id, created, is_user_defined) VALUES (UUID(),'VMware', '5.5', 'coreos64Guest', 271, now(), 0);
INSERT IGNORE INTO `cloud`.`guest_os_hypervisor` (uuid, hypervisor_type, hypervisor_version, guest_os_name, guest_os_id, created, is_user_defined) VALUES (UUID(),'VMware', '6.0', 'coreos64Guest', 271, now(), 0);
INSERT IGNORE INTO `cloud`.`guest_os_hypervisor` (uuid, hypervisor_type, hypervisor_version, guest_os_name, guest_os_id, created, is_user_defined) VALUES (UUID(),'KVM', 'default', 'CoreOS', 271, now(), 0);

INSERT IGNORE INTO `cloud`.`guest_os_hypervisor` (uuid, hypervisor_type, hypervisor_version, guest_os_name, guest_os_id, created, is_user_defined) VALUES (UUID(),'Xenserver', '6.5.0', 'Red Hat Enterprise Linux 7', 272, now(), 0);
INSERT IGNORE INTO `cloud`.`guest_os_hypervisor` (uuid, hypervisor_type, hypervisor_version, guest_os_name, guest_os_id, created, is_user_defined) VALUES (UUID(),'VMware', '5.5', 'rhel7_64Guest', 272, now(), 0);
INSERT IGNORE INTO `cloud`.`guest_os_hypervisor` (uuid, hypervisor_type, hypervisor_version, guest_os_name, guest_os_id, created, is_user_defined) VALUES (UUID(),'VMware', '6.0', 'rhel7_64Guest', 272, now(), 0);
INSERT IGNORE INTO `cloud`.`guest_os_hypervisor` (uuid, hypervisor_type, hypervisor_version, guest_os_name, guest_os_id, created, is_user_defined) VALUES (UUID(),'KVM', 'default', 'Red Hat Enterprise Linux 7.1', 272, now(), 0);

INSERT IGNORE INTO `cloud`.`guest_os_hypervisor` (uuid, hypervisor_type, hypervisor_version, guest_os_name, guest_os_id, created, is_user_defined) VALUES (UUID(), 'Xenserver', '6.5.0', 'Red Hat Enterprise Linux 7', 273, now(), 0);
INSERT IGNORE INTO `cloud`.`guest_os_hypervisor` (uuid, hypervisor_type, hypervisor_version, guest_os_name, guest_os_id, created, is_user_defined) VALUES (UUID(), 'Xenserver', '7.0.0', 'Red Hat Enterprise Linux 7', 273, now(), 0);
INSERT IGNORE INTO `cloud`.`guest_os_hypervisor` (uuid, hypervisor_type, hypervisor_version, guest_os_name, guest_os_id, created, is_user_defined) VALUES (UUID(), 'VMware', '5.5', 'rhel7_64Guest', 273, now(), 0);
INSERT IGNORE INTO `cloud`.`guest_os_hypervisor` (uuid, hypervisor_type, hypervisor_version, guest_os_name, guest_os_id, created, is_user_defined) VALUES (UUID(), 'VMware', '6.0', 'rhel7_64Guest', 273, now(), 0);
INSERT IGNORE INTO `cloud`.`guest_os_hypervisor` (uuid, hypervisor_type, hypervisor_version, guest_os_name, guest_os_id, created, is_user_defined) VALUES (UUID(), 'KVM', 'default', 'Red Hat Enterprise Linux 7.2', 273, now(), 0);

INSERT IGNORE INTO `cloud`.`guest_os_hypervisor` (uuid, hypervisor_type, hypervisor_version, guest_os_name, guest_os_id, created, is_user_defined) VALUES (UUID(), 'Xenserver', '6.5.0', 'CentOS 7', 274, now(), 0);
INSERT IGNORE INTO `cloud`.`guest_os_hypervisor` (uuid, hypervisor_type, hypervisor_version, guest_os_name, guest_os_id, created, is_user_defined) VALUES (UUID(), 'Xenserver', '7.0.0', 'CentOS 7', 274, now(), 0);
INSERT IGNORE INTO `cloud`.`guest_os_hypervisor` (uuid, hypervisor_type, hypervisor_version, guest_os_name, guest_os_id, created, is_user_defined) VALUES (UUID(), 'VMware', '5.5', 'centos64Guest', 274, now(), 0);
INSERT IGNORE INTO `cloud`.`guest_os_hypervisor` (uuid, hypervisor_type, hypervisor_version, guest_os_name, guest_os_id, created, is_user_defined) VALUES (UUID(), 'VMware', '6.0', 'centos64Guest', 274, now(), 0);
INSERT IGNORE INTO `cloud`.`guest_os_hypervisor` (uuid, hypervisor_type, hypervisor_version, guest_os_name, guest_os_id, created, is_user_defined) VALUES (UUID(), 'KVM', 'default', 'CentOS 7.2', 274, now(), 0);
INSERT IGNORE INTO `cloud`.`guest_os_hypervisor` (uuid, hypervisor_type, hypervisor_version, guest_os_name, guest_os_id, created, is_user_defined) VALUES (UUID(), 'KVM', 'default', 'Other PV Virtio-SCSI (64-bit)', 275, now(), 0);

CREATE TABLE IF NOT EXISTS `cloud`.`vlan_details` (
  `id` bigint unsigned NOT NULL auto_increment,
  `vlan_id` bigint unsigned NOT NULL COMMENT 'vlan id',
  `name` varchar(255) NOT NULL,
  `value` varchar(1024) NOT NULL,
  `display` tinyint(1) NOT NULL DEFAULT 1 COMMENT 'Should detail be displayed to the end user',
  PRIMARY KEY (`id`),
  CONSTRAINT `fk_vlan_details__vlan_id` FOREIGN KEY `fk_vlan_details__vlan_id`(`vlan_id`) REFERENCES `vlan`(`id`) ON DELETE CASCADE
) ENGINE=InnoDB DEFAULT CHARSET=utf8;

ALTER TABLE `cloud`.`network_offerings` ADD COLUMN supports_public_access boolean default false;

ALTER TABLE `cloud`.`image_store_details` CHANGE COLUMN `value` `value` VARCHAR(255) NULL DEFAULT NULL COMMENT 'value of the detail', ADD COLUMN `display` tinyint(1) NOT
NULL DEFAULT '1' COMMENT 'True if the detail can be displayed to the end user' AFTER `value`;

ALTER TABLE `snapshots` ADD COLUMN `location_type` VARCHAR(32) COMMENT 'Location of snapshot (ex. Primary)';

-- Database change for CLOUDSTACK-8746 (VM Snapshotting implementation for KVM)
UPDATE `cloud`.`hypervisor_capabilities` SET `vm_snapshot_enabled` = 1 WHERE `hypervisor_type` ='KVM' AND `hypervisor_version` = 'default';

-- [VM-SNAPSHOT] add role permissions for new API command createSnapshotFromVMSnapshot
INSERT INTO `cloud`.`role_permissions` (`uuid`, `role_id`, `rule`, `permission`, `sort_order`) values (UUID(), 2, 'createSnapshotFromVMSnapshot', 'ALLOW', 318) ON DUPLICATE KEY UPDATE rule=rule;
INSERT INTO `cloud`.`role_permissions` (`uuid`, `role_id`, `rule`, `permission`, `sort_order`) values (UUID(), 3, 'createSnapshotFromVMSnapshot', 'ALLOW', 302) ON DUPLICATE KEY UPDATE rule=rule;
INSERT INTO `cloud`.`role_permissions` (`uuid`, `role_id`, `rule`, `permission`, `sort_order`) values (UUID(), 4, 'createSnapshotFromVMSnapshot', 'ALLOW', 260) ON DUPLICATE KEY UPDATE rule=rule;

-- Create table storage_pool_tags
CREATE TABLE IF NOT EXISTS `cloud`.`storage_pool_tags` (
  `id` bigint(20) unsigned NOT NULL AUTO_INCREMENT,
  `pool_id` bigint(20) unsigned NOT NULL COMMENT "pool id",
  `tag` varchar(255) NOT NULL,
  PRIMARY KEY (`id`),
  KEY `fk_storage_pool_tags__pool_id` (`pool_id`),
  CONSTRAINT `fk_storage_pool_tags__pool_id` FOREIGN KEY (`pool_id`) REFERENCES `storage_pool` (`id`) ON DELETE CASCADE
) ENGINE=InnoDB AUTO_INCREMENT=2 DEFAULT CHARSET=utf8;

-- Insert storage tags from storage_pool_details
INSERT INTO `cloud`.`storage_pool_tags` (pool_id, tag) SELECT pool_id,
name FROM `cloud`.`storage_pool_details` WHERE value = 'true';

-- Add service_offering_id column to vm_snapshots table
ALTER TABLE `cloud`.`vm_snapshots` ADD COLUMN `service_offering_id` BIGINT(20) UNSIGNED NOT NULL COMMENT '' AFTER `domain_id`;
UPDATE `cloud`.`vm_snapshots` s JOIN `cloud`.`vm_instance` v ON v.id = s.vm_id SET s.service_offering_id = v.service_offering_id;
ALTER TABLE `cloud`.`vm_snapshots` ADD CONSTRAINT `fk_vm_snapshots_service_offering_id` FOREIGN KEY (`service_offering_id`) REFERENCES `cloud`.`service_offering` (`id`) ON DELETE NO ACTION ON UPDATE NO ACTION;

-- Update vm snapshot details for instances with custom service offerings
INSERT INTO `cloud`.`vm_snapshot_details` (vm_snapshot_id, name, value)
SELECT s.id, d.name, d.value
FROM `cloud`.`user_vm_details` d JOIN `cloud`.`vm_instance` v ON (d.vm_id = v.id)
JOIN `cloud`.`service_offering` o ON (v.service_offering_id = o.id)
JOIN `cloud`.`vm_snapshots` s ON (s.service_offering_id = o.id AND s.vm_id = v.id)
WHERE (o.cpu is null AND o.speed IS NULL AND o.ram_size IS NULL) AND
(d.name = 'cpuNumber' OR d.name = 'cpuSpeed' OR d.name = 'memory');

CREATE TABLE IF NOT EXISTS `cloud`.`guest_os_details` (
  `id` bigint unsigned NOT NULL auto_increment,
  `guest_os_id` bigint unsigned NOT NULL COMMENT 'VPC gateway id',
  `name` varchar(255) NOT NULL,
  `value` varchar(1024) NOT NULL,
  `display` tinyint(1) NOT NULL DEFAULT '0' COMMENT 'True if the detail can be displayed to the end user',
  PRIMARY KEY (`id`),
  CONSTRAINT `fk_guest_os_details__guest_os_id` FOREIGN KEY `fk_guest_os_details__guest_os_id`(`guest_os_id`) REFERENCES `guest_os`(`id`) ON DELETE CASCADE
) ENGINE=InnoDB DEFAULT CHARSET=utf8;

ALTER TABLE `user_ip_address` ADD COLUMN `rule_state` VARCHAR(32) COMMENT 'static  rule state while removing';
CREATE TABLE IF NOT EXISTS `cloud`.`firewall_rules_dcidrs`(
  `id` BIGINT(20) unsigned NOT NULL AUTO_INCREMENT,
  `firewall_rule_id` BIGINT(20) unsigned NOT NULL,
  `destination_cidr` VARCHAR(18) DEFAULT NULL,
  PRIMARY KEY (id),
  UNIQUE KEY `unique_rule_dcidrs` (`firewall_rule_id`, `destination_cidr`),
  KEY `fk_firewall_dcidrs_firewall_rules` (`firewall_rule_id`),
  CONSTRAINT `fk_firewall_dcidrs_firewall_rules` FOREIGN KEY (`firewall_rule_id`) REFERENCES `firewall_rules` (`id`) ON DELETE CASCADE
)ENGINE=InnoDB DEFAULT CHARSET=utf8;
